,moinslog10K,n,lambda_s,rhos_cs
0,2.331489177486238,0.01014663159077234,2.482702767399055,2399.908764628557
