,moinslog10K,n,lambda_s,rhos_cs
0,1.9282575637991415,0.011262762716930533,3.2921465473951654,2826.5240104854706
