P_Sensor_Name,P520
Datalogger,Raspberry Pi
Calibration_Date,2021/04/10  10:02:35
Intercept,1.33063041535079
dU_dH,5.52770388401728
dU_dT,0.00249334935671834
Sigma_Meas_P,0.01