,moinslog10K,n,lambda_s,rhos_cs
0,1.5358915679280059,0.010574107619538245,2.0393656427917244,1521.6439113370598
1,1.533257299516704,0.018651729887621482,1.9198608407634947,1632.2743492770778
